name,height,level,feature,route_distance,prefecture
羅臼岳,1661,中級,"斜里郡斜里町と目梨郡羅臼町の境界に位置する羅臼岳（標高1,661m）は、北海道北東部に突き出た世界自然遺産・知床半島の最高峰。岩を積み上げたような山頂からはオホーツク海や根室海峡、知床半島の山々、北方領土の国後島も一望できる。夏には羅臼平周辺の草地でエゾキンバイソウ、エゾコザクラなどの高山植物がいっせいに咲き競う様が美しい。登山コースは羅臼コースと岩尾別コースがあるが、整備のされた岩尾別コースが歩きやすい。登山口には岩尾別温泉があるので、前日に岩尾別温泉の宿か木下小屋（素泊まり）に宿泊して翌早朝に出発するとよい。また、コース一帯はヒグマの生息地なので、ベアベルを鳴らすなどクマ除け対策は万全に。",12.7,北海道
雌阿寒岳(阿寒岳),1499,初級,"雌阿寒岳（標高1,499m）は、マリモで知られる阿寒湖の西にそびえる活火山。湖をはさんで向かい合う雄阿寒岳が「ピンネシリ」（男山）とも呼ばれるのに対し、「マチネシリ」（女山）とも呼ばれる。噴火活動が活発で、山頂部はダイナミックな火山景観が展開する。ただし登山禁止になることもあるので、入山前に確認を。一般的なコースは雌阿寒温泉から山頂を経て北海道三大秘湖のオンネトーへ向かうコースで、アカエゾマツの深い森からハイマツ帯を経て、メアカンキンバイやメアカンフスマなど、山の名を冠する花を愛でながら山頂をめざす。山頂からは噴気越しに青沼や阿寒富士、阿寒湖をはさみ雄阿寒岳などが眺められる。",5.5,北海道
十勝岳,2077,中級,"上川郡新得町と美瑛町、空知郡上富良野町に三町にまたがる十勝岳（標高2,077m）は、大雪山国立公園の西南部に位置する十勝連峰の主峰で、今なお噴煙を上げるコニーデ型の活火山。過去に何度も爆発し、噴火のたびに地形が変化し、登山道も変わっている。火山礫に覆われた山頂部は草木も生えない荒涼とした世界だが、360度の視界が開け、十勝連峰や表大雪の山々、富良野盆地越しに見える芦別岳など、北海道の地形が実感できる景観を楽しめる。また山頂へは四方から登山道が延びるが、北面の望岳台からが一般的（山頂へ約3時間半）。体力があれば、山頂から北東の美瑛岳（標高2052m）とセットで登る周回もいいだろう。",10.4,北海道
八甲田山<大岳>,1585,初級,"青森県青森市と十和田市などにまたがる八甲田山は、1902（明治35）年の「八甲田雪中行軍遭難事件」で知られる。ひとつの山ではなく、18の峰々で構成される一つの大きな山体の総称である。最高峰である八甲田大岳（標高1,585m）や高田大岳などを中心とする北八甲田連峰と、国道103号を挟んで南に対峙する櫛ヶ峰をはじめとする南八甲田連峰に分かれる。高層湿原に咲く花々から秋のブナや湿原の紅葉、冬の樹氷まで、四季を通じて楽しめる山だ。最高峰の八甲田大岳へは、八甲田ロープウェイを利用する最短コースと、酸ヶ湯温泉を起点とする毛無岱（「岱（たい）」は湿原のこと）経由と仙人岱経由の２つのコースが主な登山道。",7.5,"青森,東北"
月山,1984,初級,山形県の中央部にある出羽三山の一座であり、世界でも珍しい半円形のアスピーテ型火山（出羽三山神社のHPより。ただし、活火山ではない）といわれる。そのなだらかな姿から臥牛山（がぎゅうさん）などとも呼ばれ、豪雪地帯に位置することから夏スキーの名所としても有名だ。山頂には月山神社本宮と月山頂上小屋が立ち、北面の八合目にも有人小屋がある。月山神社は６世紀の創建と伝えられ、山岳信仰の古社として多くの修験者や参拝者を集めてきた。俳人・松尾芭蕉も夏の月山に登ったことが『奥の細道』に記され、山頂の南西面には句碑も置かれている。リフトが利用できるコースをはじめ登山コースはいくつかあるが、登山者の増加につれて高山植物の盗掘の報告も増えている。,10.2,"山形,東北"
会津駒ヶ岳,2133,中級,福島県檜枝岐村に位置する日本百名山。山頂から中門岳へと延びるなだらかな尾根上には広大な湿原が展開し、中門池をはじめ大小の地溏が点在する。雪解けとともにハクサンコザクラ、ワタスゲ、チングルマなどの高山植物が咲き競い、初秋からは黄金色の草紅葉が輝く。燧ヶ岳や至仏山などを眺め、花々に出会いながらの尾根歩きは、「山上の楽園」と呼ぶにふさわしい。山頂はクマザサや灌木に遮られて見晴らしはあまりよくないが、晴れた日には富士山が遠望できる。登山コースは数本あるが、東側の滝沢登山口からの利用者が大半。山頂の南直下には有人小屋の駒の小屋が建っている。檜枝岐村は温泉でも有名なので、下山後には立ち寄りたい。,12,"福島,東北"
那須岳,1917,中級,茶臼岳（ちゃうすだけ）は日本百名山に選定されている那須岳（なすだけ）の一座で、栃木県那須郡那須町に位置する標高1915mの山である。北側に連なる朝日岳（1896m）・三本槍岳（1916m）とあわせて那須三山と呼ばれ、さらに南月山（1776m）黒尾谷岳（1589m）を加えて、那須五岳とも呼ばれる。東麓には今なお噴煙を上げる噴気孔があり、山頂周辺も火口跡の凹部が残る、荒涼としたガレ場が広がっている。詳細は那須岳を参照。 ,4.9,"栃木,関東"
燧ヶ岳,2356,中級,尾瀬ヶ原・尾瀬沼の福島県側に立ち、尾瀬ヶ原西端の至仏山と対峙する。東北以北の山の最高峰で、最初の登頂者とされるのは尾瀬沼東岸に立つ長蔵小屋を造った平野長蔵。長蔵とその長男・長英、孫の長靖たちは何代にもわたって尾瀬の自然を守り続け、尾瀬の自然保護の象徴として知られている。長英の名を冠した長英新道はいまも、尾瀬沼側から山頂へのメインコースとして人気が高い。火山地形の山頂は、最高点の柴安嵓（しばやすぐら）、俎嵓（まないたぐら）、ミノブチ岳、赤ナグレ岳、御池岳（※地形図には掲載されていない）の５ピークで形成され、コースは北部の御池からのコースと長英新道がメイン。ただし、いずれも歩行時間は６～７時間となり、それなりの体力・経験が要求される。,8.5,"福島,東北,尾瀬"
至仏山,2228,中級,尾瀬ヶ原を東に向かって歩くと正面に見える独立峰が燧ヶ岳、振り返って目に飛び込んでくるなだらかな姿の山が至仏山だ。花の名山として知られ、夏にはホソバヒナウスユキソウやオゼソウ、ジョウシュウアズマギクなどの希少種を見ることができる。秋の紅葉期もすばらしい。山頂へは、尾瀬ヶ原の入口でもある鳩待峠から小至仏山を経て山頂を往復するのがメインコース。とはいえ、何度かの登り返しと蛇紋岩の滑りやすい道が続くのでけっこう疲れる。もし日程に余裕があれば、鳩待峠から尾瀬ヶ原にいったん下って山の鼻で１泊ののち、至仏山に直登する東面登山道を登るのがおすすめ。東面登山道は途中から登りの一方通行になるうえ、往復登山のやや味気なさも解消できる。,10.3,"群馬,関東,尾瀬"
谷川岳,1977,中級,群馬・新潟県境の谷川連峰の主峰。一ノ倉沢などの絶壁を従えるアルペン的な双耳峰が特徴的。ロープウェイを利用する天神尾根コースなら、天気が安定していれば初級者でも登頂できる。特に紅葉の景色は絶景で多くの登山者が訪れる。ただし森林限界が標高1500ｍ前後にあることでわかるように、気象条件はたいへん厳しく、午後からの急変が懸念されるので登山は早めに終わらせたい。山頂のトマの耳とオキの耳（最高点）は昔、二つ耳（耳二つ）とかわいい名で呼ばれていた。なお、険しい西黒尾根には初級者は立ち入らないほうがいい。よく耳にする“魔の山”の名は、一ノ倉沢などの岩壁でのクライミングの遭難が多かったことから付けられ、実際に遭難死数はギネス世界記録に登録されている。,6.5,"群馬,新潟,東北,関東"
苗場山,2145,中級,"日本百名山の苗場山は、新潟県湯沢町と津南町、長野県栄村の境にあり、2,000mを超える山頂部は、広大な高層湿原となっている。湿原にはたくさんの池塘が点在し、7月中旬頃からは数々の高山植物が咲き誇る。展望にも優れ、まさしく雲上の楽園の様相を呈する。また、9月下旬以降の湿原の草紅葉も一見の価値がある。その山頂へは新潟県側、長野県側からいくつものコースがあるが、越後湯沢駅や湯沢ICからアクセスしやすい和田小屋から（手前に駐車場あり）山頂を目指す祓川コースの利用者が多い。日帰りも可能だが、この山の魅力を存分に味わうには、山頂にある山小屋の苗場山自然体験交流センターに一泊することをおすすめする。",8.8,"新潟,長野,東北"
妙高山,2454,中級,"妙高山（標高2,454m）は、新潟県妙高市に位置する妙高火山群の主峰。古名を「越の中山」といい、中山を「名香山」と書き、これを音読して「みょうこうさん」と唱えたのが山名の由来とされる。新潟県を代表する山のひとつで、「越後富士」の異名もある。近年はスカイケーブルを利用した往復コースが人気で、山頂駅からゲレンデ内を登り、樹林帯、ブナ原生林、南地獄谷、天狗堂を経て山頂へ。ただし往復7時間かかるので、朝いちばんのケーブルを利用すること。燕温泉コースは、登山口近くに無料の露天風呂（河原の湯、黄金の湯）がある。日程に余裕があれば、西隣の日本百名山・火打山とセットで登る1泊2日のプランもおすすめ。",9.9,"新潟,東北"
火打山,2462,中級,"新潟県妙高市と糸魚川市にまたがる火打山は（標高2,462m）は、近接する妙高山と焼山とともに頸城三山のひとつ。東西に緩やかな稜線をもち、山頂付近の傾斜が急ではないため冬期には雪がべったりと積もり、純白の姿になる。深田久弥も『日本百名山』で「一点の黒もなく真白になる山」と絶賛している。多くの高山植物を見ることができ、なかでも高谷池や天狗ノ庭周辺に咲くハクサンコザクラの大群落は圧巻。山頂からの展望もよく、晴れた日には後立山連峰、北アルプス、南アルプス、富士山まで見渡せる。登山道は南面の笹ヶ峰からの往復が一般的だが、妙高山とセットで登るプランも楽しい。その場合は高谷池ヒュッテか黒沢池ヒュッテに1泊する。",16.1,"新潟,東北"
日光白根山,2578,中級,栃木県と群馬県にまたがる火山で、深田久彌の日本百名山にも選ばれている。山麓には湖沼も多く、たくさんの花を見ることができる。観光で日光に訪れると前衛の山々に隠れ目立たないが、周囲の山から眺める日光白根山はひときわ高く、重厚感がある。,6.1,"栃木,群馬,関東"
武尊山,2158,中級,群馬県の北部にあり、谷川岳と日光白根山を線でつなげたその中間点にそびえる。穂高岳に読みが似ているため上州武尊山と呼ばれることも多い。すばらしい展望を持ち、初夏～夏は花々に彩られる魅力的な山でありながら、百名山のなかでは知名度が低めで、国内の標高2000ｍ以上の山としては唯一、自然公園に指定されていない山でもある（林野庁の自然休養林には指定）。一見、なだらかな山容をもつが、山上部は鋭い姿の峰が並ぶうえに深い谷が数多く切れ込み、そのせいか、県内ではツキノワグマの生息密度が高い山でもあるそうだ。ヒマラヤで活躍した地元（沼田市）出身の登山家、山田昇氏を顕彰した“上州武尊山スカイビュートレイル140（山田昇メモリアルカップ）”の舞台ともなっている。,8.3,"群馬,関東"
赤城山,1828,初級,群馬県東部に位置し、谷川岳などとともに上州を代表する山のひとつ。オートキャンプ場でのキャンプや自転車でのヒルクライム、南面の温泉など、登山だけではなく様々なアクティビティで親しまれる山である。赤城山の名は山域を指し、最高峰は黒檜山（1828ｍ）。同じ群馬の妙義山、榛名山とともに上毛三山に数えられる（上毛は上野国の別称）。ツツジの多い山として知られ、４月下旬のアカヤシオに始まってトウゴクミツバツツジ、ヤマツツジ、シロヤシオ、ムラサキヤシオ、レンゲツツジと、６月下旬頃までさまざまなツツジが咲き続ける。山麓にはワカサギ釣りができる大沼（おの）があり、遊歩道が整備された覚満淵は湿性植物の宝庫だ。覚満淵の西側には赤城公園ビジターセンターが立ち、赤城山の植生や地形などを学ぶことができる。バスは土曜･休日以外は途中乗り換えとなるが、乗り換え場所が市営温泉というのも下山時にはうれしい。,4.9,"群馬,関東"
四阿山,2354,中級,長野県と群馬県の県境に位置し、群馬県側では吾妻山・吾嬬山（あづまやま、または、あがつまやま）ともよばれる。どこから見てもなだらかな山容で、その姿が屋根のように見えることから四阿山の名が付いたといわれる。古い火山で（現在は活火山ではない）、北側の谷にある日本の滝百選の米子大瀑布（よなこだいばくふ）はその名残でもある。山頂へのメインコースは、西麓の菅平高原がスタート地点。菅平牧場（有料）を抜けて、四阿山やその隣にそびえる根子岳をめざす。この根子岳と四阿山の鞍部には大スキマと呼ばれる広い草原があり、ヨーロッパアルプスを思わせる眺めが展開する。群馬県側のパルコールつまごいスキー場のゴンドラ山頂駅からは山頂まで約２時間の最短コースが延びる。,9.5,"群馬,長野,関東,中部,甲信越"
筑波山,877,初級,日本百名山のなかでは最も低い山として知られる茨城県の名山。男体山と女体山からなる双耳峰で、山頂には筑波山神社の本殿がある。アクセスが良く温泉もあり、ケーブルカーとロープウェイも運行され、山麓・山頂付近は観光客が多く訪れる。しかし一歩山中に入れば、ブナやミズナラ、大杉の森が広がる登山者の世界となるのがこの山の魅力の一つ。最高峰の女体山からは、空気の澄んだ日なら太平洋や富士山まで見渡すことができる。ケーブルカーに沿ってスギの大木が連なる表参道（御幸ヶ原コース）を登り、男体山と自然研究路（一部、迂回路あり）をめぐったのちに、女体山から奇岩の連なるおつた石コースをつつじヶ丘へと下るのが王道のコース。女体山からの下りは滑りやすい岩場の道となるので足元には注意しよう。１年を通して登れるが、紅葉期の休日は尋常でない込み方なので避けたほうが無難だろう。,5.4,"茨城,関東"
雲取山,2017,初級,"日本百名山の雲取山は、埼玉県秩父市・東京都奥多摩町・山梨県丹波山村にまたがる山で、標高2,017mは東京都の最高峰となっている。通年登れるが、5月中旬～6月上旬の新緑と、10月下旬～11月上旬の紅葉のころがベスト。奥多摩の山々や富士山を望む山頂へのコースは複数あるが、JR奥多摩駅からのバス便がある鴨沢バス停から石尾根経由のコースが一般的。危険箇所こそ少ないコースだが、標高差1500m近くを登りきるだけの体力が求められる。他には埼玉県側の三峯神社起点のコース、山梨県側のお祭バス停から一軒宿の三条の湯を経由するコースもよく歩かれる。山中の有人小屋は七ツ石小屋（素泊まり）や雲取山荘、三条の湯の3軒で、いずれもテント泊可。",19.7,"埼玉,東京都,山梨,中部,甲信越,関東,奥秩父"
金峰山,2599,中級,"金峰山（標高2,599m）は、山梨県甲府市と長野県川上村の境界に位置し、西隣の瑞牆山とともに奥秩父西端を代表する山の一つ。標高では東に相対する北奥千丈岳（標高2,601m）が奥秩父の最高峰となるが、金峰山はその威風堂々とした山容から、奥秩父の盟主的な存在として、古くから登山者を迎えている。山頂へもっとも登りやすいのは、東面の大弛峠から。大弛峠は標高が2,360mあるため、標高差250m弱で山頂に立てる。大弛峠へは実質マイカーのみのアクセスだったが、近年JR塩山駅からバスと乗合タクシーが運行され、便利になった。その他に、北面の廻り目平やJR韮崎駅からのバス便がある西面の瑞牆山荘などからのコースもよく歩かれる。",8,"山梨,長野,中部,甲信越,奥秩父"
瑞牆山,2230,中級,"瑞牆山（標高2,230m）は山梨県北杜市にある日本百名山。奥秩父山塊の主脈の一つで、その西端に位置する。 針葉樹林に包まれた深い山並みを形成する奥秩父にあって、瑞牆山は花崗岩の岩峰が林立する、特異な景観を見せている。一見すると「どこを登るのだろう」と思ってしまうが、岩塔の根元を縫うように登山道がつけられており、危険箇所も意外と少ない。石舞台のような巨大な岩盤からなる山頂からは、すばらしい景観が広がっている。バス便がある瑞牆山荘から富士見平経由での往復登山者が中心だが、近年は西麓のみずがきの森公園を起点とする周回コースを歩く人も増えている（一部荒れた箇所あり）。登山適期は5月から11月にかけて。",5.5,"山梨,中部,甲信越,奥秩父"
大菩薩嶺,2057,初級,山梨県の甲州市と丹波山村の境界に稜線を延ばす大菩薩連嶺の最高峰。路線バスが走る上日川峠を起点にすれば初級者でも無理なく周回できるため、初めての日本百名山として人気が高い。深田久弥の『日本百名山』では最高点を大菩薩岳として紹介しているが、現在は大菩薩嶺と呼ぶのが一般的だ。この山頂はコメツガ林に覆われて展望が開けないものの、大菩薩嶺と大菩薩峠を結ぶ草原状の稜線は花の多いのびやかな道が続き、富士山を眺めながらの山歩きが楽しい。明治～昭和の小説家、中里介山の未完の大作『大菩薩峠』は、山小屋・介山荘の立つ大菩薩峠でのある事件から始まる時代小説で、峠西側の勝縁荘（建物のみ残る）は中里介山や深田久弥にゆかりのある山荘だ。,7.2,"山梨,中部,甲信越"
富士山,3776,上級,言わずと知れた日本最高峰。７月の山開きから９月上旬の閉山まで国内外から30万人近い登山者が押し寄せ、いまや夏の風物詩となっている。オーバーユースが懸念されることから、自然保護と安全対策をおもな目的とした富士山保全協力金徴収（任意）の本格的導入が2014年にスタートした。登山コースは４本で、短い順に富士宮口ルート（静岡側）、吉田口ルート（山梨側）、砂走りルート、御殿場ルート（いずれも静岡側）となる。吉田口と富士宮口の人気が高く混雑は必至だ。夏でも朝の山頂付近は冬の気温となるので、防寒・防風着には気を配りたい。高山病対策も不可欠。寝不足は避け、ゆっくり登って水分をたっぷりと。それでも頭痛やめまいが激しければ登山はあきらめ、500ｍ以上高度を下げるといい。なお、弾丸登山（夕方にスタートする日帰り登山）は避けたいところだ。海外からも多くの登山客が訪れる。単独峰であり、日本の他の山とは比べ物にならないほど美しい景色が広がる。,15.1,"静岡,山梨,中部,甲信越"
白馬岳,2932,上級,"長野、富山、新潟の３県にまたがる白馬岳（標高2,932m）は、北アルプス・後立山連峰を代表する高峰のひとつ。主要な登山道は、猿倉から白馬大雪渓経由のコースと、栂池パノラマウェイを利用して白馬大池経由で山頂を目指す2本。前者は大雪渓での落石や転倒などの危険が潜むが、雄大な光景とコース途中に現れるお花畑は多くの登山者を魅了する。後者は危険な岩場がほとんどなく、北アルプス初心者でも安心なルートだ。また、7月中旬〜8月上旬には白馬大池の水辺にチングルマやハクサンコザクラなど高山植物の競演が楽しめる。山頂には新田次郎の小説『強力伝』の題材にもなった展望盤があり、杓子岳や鑓ヶ岳など山々の大パノラマを眺望できる。",14.9,"富山,長野,中部,甲信越,北アルプス"
五竜岳,2814,上級,長野県と富山県の県境に位置しながら、後立山連峰の山としては珍しく最高点が県境から大きくずれている。春には、山頂近くの岩場が菱紋のひとつである武田菱の形を成すことでも知られる。後立山連峰では屈指の巨体を誇り、山麓からの唯一の登山コースである遠見尾根では体力勝負を強いられるが、通過困難箇所は少なく、尾根から眺める五竜岳東面の岩場帯や鹿島槍ヶ岳北峰北壁の雄姿は感動的だ。一方で、五竜岳から白馬岳や鹿島槍ヶ岳に縦走する場合は、白馬岳への北上では不帰ノ嶮、鹿島槍ヶ岳への南下では八峰キレットという難所を越えなくてはならない。いずれも日本三大キレットのひとつであり（あとは北穂高岳の大キレット）、そうやすやすとは通過させてくれない。,15,"富山,長野,中部,甲信越,北アルプス"
鹿島槍ヶ岳,2889,中級,長野県と富山県にまたがってそびえ、白馬岳とともに後立山連峰の主峰の一座。南峰と北峰をつなぐ吊り尾根はこの山のシンボルでもあり、奥穂高岳～前穂高岳間の吊り尾根と同様に美しい姿を見せる。どこから登っても日帰りは難しく、南側からは爺ヶ岳、北側からは五竜岳を経由する１泊以上の登山となる。爺ヶ岳からはこれといった難所はないが、五竜岳からの場合は、槍･穂高連峰の大キレット、唐松岳の不帰ノ嶮とともに日本三大キレットのひとつである八峰キレットを通過しなければならない。剱岳の別山尾根などと同レベルの登山となるので、細心の注意を払って行動したい。なおこの山では、北峰の北壁に突き上げるカクネ里雪渓が日本では数少ない氷河として知られている。,22.6,"富山,長野,中部,甲信越,北陸,北アルプス"
立山,3015,中級,"日本百名山の立山は、北アルプス北部に位置する富山県が誇る名山で、主峰の雄山（標高3,003 m）、最高点の大汝山（3,015 m）、富士ノ折立（2,999 m）の3峰からなる連峰の総称である。富士山、白山とともに日本三霊山のひとつに数えられ、古くから山岳信仰の山として栄えてきた。標高2,425mの室堂から雄山山頂をめざすメインコースは難所が少なく、初心者でも歩きやすいので、ファミリー層も多い。山頂からは眼前にそびえる大汝山をはじめ、剱岳、薬師岳、後立山連峰など360度の展望が広がる。より歩きたい人は、室堂を起点に浄土山（2,831m）、立山、別山（2,880m）のいわゆる立山三山をめぐる周回コースを取るといいだろう。",8,"富山,中部,北陸"
槍ヶ岳,3180,上級,槍ヶ岳は長野県と岐阜県の境界にある、日本で5番目に高い山。日本百名山の1つ。北アルプスで（というより日本で）穂高岳と人気を二分する鋭峰。周囲の山々からもそれとわかるシンボリックな姿をもち、燕岳からの表銀座コース、烏帽子岳からの裏銀座コースなど、北アルプス北部から南部の穂高岳方面へと続くコースのほとんどは槍ヶ岳で収束する。日本第５位の標高を誇るこの山の開山者は、江戸時代後期の浄土宗の僧、播隆上人。数年の準備期間を経て上人は1828年（文政11）７月、安曇野の中田又重郎を案内人に初登頂を果たしたが、より多くの人が登れるよう、その後何度も登って鎖などの設置を続けた。播隆上人については『槍ヶ岳開山』（新田次郎著）に詳しい。大正から昭和にかけての著名な登山家である加藤文太郎、松濤明が遭難死した山でもある。,26.7,"長野,岐阜,中部,甲信越,東海,北アルプス"
常念岳,2857,中級,安曇野市の西端にそびえ、北アルプス（飛騨山脈）を構成する連山である常念山脈の主峰。東面の安曇野市や松本市からは日常的に目にする山で、市民にとってはランドマーク的な存在だ。高山蝶研究者としても知られ、旧豊科町（現安曇野市）の名誉町民第一号である山岳写真家・田淵行男が調査・研究のために通った山でもある。登山道は各方面から延びるが、メインコースである一ノ沢を登って山頂北部にある常念小屋に泊まるスケジュールにすれば、立山や燕岳、蝶ヶ岳、焼岳などとともに北アルプス最初の山としても好適な山だろう。なお、常念岳は一等三角点のある山として知られるものの、常念岳本峰に三角点はなく、東に１kmほど行った前常念岳（2662ｍ）に点名「常念岳」の三角点が立つ。,13.9,"長野,中部,甲信越,北アルプス"
笠ヶ岳,2898,中級,岐阜県高山市にあり、県境に位置しない山としては岐阜県最高峰。その名のとおりの姿は、『日本百名山』の著者・深田久弥に「どこから見ても笠の姿を崩さない」と言わしめている。1683年（天和３）に円空上人が開山し、140年後の1823年（文政６）、播隆上人が再興した。播隆上人はその５年後に槍ヶ岳を開山している。山頂をめざすコースは２本。その１本、新穂高温泉から笠新道を登り、抜戸岳、笠ヶ岳山荘を経て山頂に至る道がメインコースだが、稜線まで急登が続く。もう１本のクリヤ谷コースは山頂に直登できるものの、笠新道より技術的に難しくなる。両コースとも体力勝負だ。新穂高温泉から鏡平、弓折岳を経て大迂回するコースは体力的には少し楽だが、１日余分にかかってしまう。,19.4,"岐阜,中部,東海,北アルプス"
焼岳,2455,中級,上高地の入口、大正池の西側にそびえる日本百名山の一座。アルプスでは乗鞍岳、御嶽山、弥陀ヶ原などとともに数少ない活火山のひとつだ（南・中央アルプスに活火山はない）。大正時代の大爆発が大正池を形成したことはよく知られているが、その大正池も次第に土砂で埋まり、当時の面影はなくなりつつある。とはいえ、焼岳と大正池のツーショットはいまも上高地を代表する景観であることに間違いない。メインコースは中の湯温泉、上高地、中尾からの３コースで、いずれも前泊すれば日帰りができる。特に難所はないが、山頂周辺はいまも活発な火山活動が続き、最高峰の南峰と正賀池は立ち入り禁止だ。歩くことのできる北峰も有毒ガス発生の危険があるため、山頂は速やかに通り過ぎたい。,6.5,"長野,岐阜,中部,甲信越,東海,北アルプス"
美ヶ原,2034,初級,長野県松本市の南東部に位置する日本百名山の一山。なだらかなピークがいくつかあるだけのほぼ平坦な高原で、最高峰はホテルや電波塔の立つ王ヶ頭だ。高原全体がアルプスや八ヶ岳などの好展望台として知られるが、展望を楽しむのなら40座を超える日本百名山が望めるといわれる王ヶ頭や、高原西端にある王ヶ鼻がおすすめ。詩人・尾崎喜八の『美ヶ原溶岩台地』の詩が刻まれた美ヶ原のシンボル・美しの塔が立つメインコースはほぼ牧場内を歩く道で、レンゲツツジの群生地（例年６月下旬～７月上旬）は見どころのひとつだ。東側登山口には美ヶ原高原美術館や道の駅、西側登山口には自然保護センターなどが立ち、山歩きのエリアというよりは、「高原ハイクが楽しめる観光地」の雰囲気が強い。,2.5,"長野,中部,甲信越"
霧ヶ峰,1925,初級,諏訪湖の北東に位置する日本百名山・霧ヶ峰の最高峰。山頂からは八ヶ岳や南･北･中央アルプスなどのパノラマが広がる。観光道路のビーナスラインが高原の南側を通っているため、マイカーでのアプローチも容易だ。霧ヶ峰には八島ヶ原、車山、踊場の３つの大きな湿原があり、いずれも「霧ヶ峰湿原植物群落」として国の天然記念物に指定されている。この湿原を中心にした一帯は、初夏のレンゲツツジに始まり、夏のニッコウキスゲ、ワタスゲ、秋のヤナギランなどの花に彩られ、多くのハイカーたちで賑わう。とはいえ、車山を起点とした霧ヶ峰一周は予想外に時間がかかる。スタートが遅いときや人数が多い場合は、短縮コースを事前に把握しておこう。日没の早い秋は特に大切なことだ。,3.5,"長野,中部,甲信越"
蓼科山,2531,初級,"日本百名山の蓼科山（標高2,531m）は長野県の茅野市と北佐久郡立科町にまたがり、八ヶ岳連峰の最北端にあたる。典型的なコニーデ型火山で、端正な円錐形の姿から諏訪富士、あるいは女乃神山（めのかみやま）とも称される。登山道は複数あるが、北面の七合目登山口からが最短コースとなる（山頂まで約2時間）。山頂は大きな岩塊が折り重なって広がる噴火口跡で、中央に蓼科神社奥社が祀られている。展望もすばらしく、八ヶ岳連峰をはじめ浅間山や霧ヶ峰、美ヶ原、北アルプスなど360度の大パノラマが展開する。山頂や中腹には山小屋があり、周辺にも温泉やペンションが多いので、観光と合わせて計画を立てるのもよいだろう。",4.6,"長野,中部,甲信越,八ヶ岳"
赤岳（八ヶ岳）,2899,中級,高峰が連なる中部山岳地帯にあって、南・北・中央アルプスと人気を二分する八ヶ岳連峰の最高峰。赤茶けた岩肌を持つことから赤岳の名が付いた。八ヶ岳連峰は、岩場主体の南八ヶ岳と深い森に包まれた北八ヶ岳に分けられ、赤岳は南八ヶ岳に属する。森林限界から上部はすべて岩場歩きとなるため、滑落や落石には十分な注意が必要だ。コースは東西南北から延びているが、よく登られるのは西麓の美濃戸からの道。比較的歩きやすく、赤岳が初めての人はおすすめだ。南北の道は横岳や権現岳につながる縦走路で、レベルは一段上がる。アルプス同様、高山病にも注意したい。山腹にある通年営業の山小屋をベースに積雪期登山も盛んだが、まずは４月頃の春山で慣れてから挑もう。,10.8,"山梨,長野,中部,甲信越,東海,八ヶ岳"
木曽駒ヶ岳,2956,中級,長野県南部に連なる中央アルプス（木曽山脈）の最高峰。登山者の多くが利用するロープウェイ・千畳敷駅がメインの登山口となる。標高約2600ｍ、日本最高地点の駅前に広がる千畳敷は、日本でも有数のお花畑だ。ここから山頂へは、急登こそあるものの通過困難箇所はなく、天気が安定していれば初級者でもそう苦労せず山頂を踏めることだろう。コース沿いには中央アルプス固有種のコマウスユキソウ（ヒメウスユキソウ）が咲き、時間があれば中央アルプス唯一の氷河湖、濃ヶ池に立ち寄るのもいい。山頂周辺と宝剣岳北面には計５軒の山小屋もあって天気急変の際などは安心だが、一気に高度が上がるので高山病には注意が必要。水分をたっぷり摂ることとゆっくり歩くことが高山病を防ぐコツだ。なお、宝剣岳はクサリ場が連続する。岩場が苦手な人は立ち入らないように。,3.5,"長野,中部,甲信越,中央アルプス"
甲斐駒ヶ岳,2967,中級,3000ｍには少し欠けるが、日本アルプスを代表する山のひとつ。『日本百名山』の著者である深田久弥も、「もし日本の十名山を選べと言われたとしても、私はこの山（＝甲斐駒ヶ岳）を落とさないだろう」と記述している。山麓から間近に眺めることができない山が多い日本アルプスにあって、山梨県北部の北杜市付近から見上げるその姿は感動的だ。登山のメインコースは、長野・山梨両県側からバスが通う北沢峠を起点に仙水峠、駒津峰を経て山頂に至るコース。山の姿から想像するほどの通過困難箇所がなく、多くの登山者は日帰り、または途中１泊でこの道を歩く。北西側の黒戸尾根にも古からの登山道があるが、日本三大急登のひとつといわれる長大な尾根で、途中の山小屋に１泊する必要がある。,17.4,"山梨,長野,中部,甲信越,南アルプス"
仙丈ヶ岳,3033,中級,南アルプス最北の3000ｍ峰。長野県と山梨県の県境にある北沢峠を挟んで甲斐駒ヶ岳と対峙するが、男性的な甲斐駒ヶ岳とは対称的になだらかな姿を見せ、「南アルプスの女王」とも称される。その全容を望むには、長野県の伊那谷側からでないと難しい。南アルプスでは北岳とともに花の名山として知られ、山頂南部の大仙丈カール（圏谷）、小仙丈ヶ岳南西部の小仙丈カール、山頂北部の藪沢カール周辺は７月上旬～中旬にかけて、みごとなお花畑が広がる。ただし、７月中旬前後まで藪沢周辺は残雪が多いので、雪上歩行に慣れていない人はこの時期、北沢峠～小仙丈ヶ岳～仙丈ヶ岳の尾根コースを往復するといい。また、日程と体力に余裕があれば甲斐駒ヶ岳往復を組み込んでも楽しいだろう。,8.3,"山梨,長野,中部,甲信越,南アルプス"
鳳凰山<観音ヶ岳>,2841,中級,野呂川を挟み、北岳をはじめとした白峰（しらね）三山と対峙する。山名については古から諸説があったといわれるが、現在は、観音ヶ岳（最高峰）、地蔵ヶ岳、薬師ヶ岳の３つのピークを合わせて鳳凰三山と呼ぶのがふつう。『日本百名山』では「鳳凰山」の名称が使われている。東面の山麓にある青木鉱泉と御座石鉱泉がおもな登山口となり、どちらからも長く急な登りが続く。一方、南の夜叉神峠から鳳凰三山へと続く稜線を歩く縦走路は、夜叉神峠までの登りが楽なうえ、稜線上に山小屋も立つことから南アルプス縦走の入門コースとして人気が高い。森林限界を超えた尾根筋には、鳳凰三山の固有種・ホウオウシャジンや南アルプス固有のタカネビランジなどの希少種が咲く,23.5,"山梨,中部,甲信越,東海,南アルプス"
北岳,3193,中級,山梨県南アルプス市の西部にそびえ、高山にしては珍しく県境・市境上に位置しない。北岳一帯はかつて白峰、白根、白嶺などと呼ばれ、古今和歌集にも白嶺の名で登場している。いまも北岳とその南に連なる間ノ岳、農鳥岳は白峰三山（しらねさんざん）の名で親しまれている。北岳登山の起点は山頂北東の広河原。路線バスまたは乗合タクシーでのみアプローチが可能だ。８月まで雪渓の残る大樺沢か白根御池を経て山頂へ至る。花の最盛期は７月上～下旬だが、この時期の週末は山頂北面と南面の２軒の山小屋が大混雑するので、可能なら平日の登山がおすすめ。通常、北岳は１泊２日の行程となるが、間ノ岳と農鳥岳を含めた白峰三山の縦走には２泊３日が必要で、レベルも一段上がる。,10.1,"山梨,中部,甲信越,東海,南アルプス"
間ノ岳,3190,中級,山梨県と静岡県にまたがり、日本で３番目に高い山。知名度こそやや低いものの、北岳から農鳥岳へと続く白峰（しらね）三山の真ん中に位置し、巨体揃いの南アルプスの山々のなかでもトップクラスの大きさを誇る。山麓から直接登る登山道がないために、白峰三山の縦走中に立ち寄る山として捉えられているが、もしこの山が独立峰として存在していたなら、北岳にもひけをとらない南アルプスを代表する山のひとつとなっていたことだろう。大パノラマの山頂は広々とし、濃霧が出ているときは農鳥岳方面と、塩見岳に続く稜線上にある三峰岳方面への道とを間違える危険もあるので注意が必要だ。なお間ノ岳山頂へは北岳山荘から約２時間、山頂から農鳥小屋へは約１時間見ておくといい。,17,"山梨,静岡,中部,甲信越,東海,南アルプス"
塩見岳,3047,中級,静岡市と長野県伊那市の境界に立つ鋭峰。南アルプスのちょうど中央に位置し、北部とも南部とも言いづらい独立峰的な雰囲気を持つ山だ。いずれも3000ｍ峰の東峰と西峰が並ぶ山頂一帯は、南アルプスでは少数派の岩場帯を擁し、それまでの原生林やお花畑の道とは好対照をなしてバラエティに富んだ山歩きが味わえる。仙丈ヶ岳や間ノ岳、荒川岳などからの縦走路は別にして、山頂に至るコースは長野県大鹿村の鳥倉登山口から三伏峠を経由する１本のみで、夏は登山口までバスも運行される。かつては大鹿村鹿塩からの塩川コース、最短路でもあった伊那市三峰川からの塩見新道があったが、いずれも登山道や林道の崩壊などによって通行止めとなっている。復旧は当面なさそうだ。,24.4,"長野,静岡,中部,甲信越,東海,南アルプス"
白山,2702,中級,"富士山、立山とともに日本三霊山とされ、日本百名山でもある白山は、石川県と岐阜県にまたがる標高2,702mの山。花が多く、ハクサンコザクラをはじめ「ハクサン」の名がつく植物は約20種を数える。最高峰の御前峰と第二の高みである大汝峰、剣ヶ峰からなり、その周囲には翠ヶ池や紺屋ヶ池などの山上池が点在する。有人小屋は山頂南直下の白山室堂と、そこらかさらに少し下った南竜山荘で、あとは大半が避難小屋。山頂へは石川県側の別当出合起点の周回コース（砂防新道～観光新道）が人気だが、岐阜県側の大白川からの平瀬道はブナやミズナラ、ダケカンバの林が広がり、趣がある。ハイシーズンでも登山者が少なく、静かに歩くことができるコースだ。",12.1,"石川,岐阜,東海,北陸,中部"
荒島岳,1523,中級,"福井県大野市の南東に位置する荒島岳は、泰澄大師によって開山されたと伝わる信仰の山。山頂には荒島神社が建ち、荒島大権現の祠が祀られている。標高1,523mと高くはないが、大野盆地からすっくと立つ風格ある姿から「大野富士」と称される。登山コースは4本あり、北面の勝原（かどはら）コースと西面の中出（なかんで）コースが一般的。登山道を覆うブナ林、カタクリやリンドウなどの花々、山頂を彩るお花畑と見どころも多い。独立峰で四方にさえぎるものがないので、山頂からは御嶽山や乗鞍岳、白山連峰などの大パノラマが眺められる。初夏の花、秋の紅葉のほか、雪山経験者ならブナ林の樹氷が見られる厳冬期もおすすめだ。",8.6,"福井,北陸"
伊吹山,1377,中級,滋賀県と岐阜県の県境に位置する日本百名山で、山頂部は滋賀県側にある。ドライブウェイによりアクセスがよく、登山だけではなく観光、自転車のヒルクライムやスキーなど様々な楽しみ方で親しまれている山である。自然保護などを目的に入山協力金を導入した数少ない山のひとつ。新･花の百名山にも選ばれており、この山で発見されたイブキジャコウソウをはじめ、シモツケソウなどが一面に咲く山頂部のお花畑はみごとだ。花の最盛期は盛夏だが、山麓から登る場合は日光を浴び続けることで体力の消耗が激しく、そのために夕方から登り始めて山頂にある３軒の山小屋で仮眠（有料）し、御来光を迎える夜間登山がいまも盛んに行われている。体力に自信がなければ、伊吹登山口からのコース途中の３合目までタクシーで行くか、伊吹スカイラインを利用するといい。冬は雪がたいへん多く、本格的な冬山装備が必要となる。,10.3,"岐阜,滋賀,東海,中部,近畿,関西"
大台ヶ原(日出ヶ岳),1695,初級,三重・奈良県境の台高山脈に位置する、日本百名山・大台ヶ原山。その最高点が標高1695mの日出ヶ岳だ。大台ヶ原はダイナミックな景観が展開する東大台と、豊かな樹林が広がる西大台（入山には事前申請とレクチャーの受講が必要）に分類され、日出ヶ岳は東大台に属する。熊野灘や大峰山脈、条件がよければ遠く富士山をも望む山頂へは、バス便がある大台ヶ原駐車場から40分ほど。ただこれだけでは物足りないので、絶景が広がる大蛇嵓や、立ち枯れのトウヒが立つ正木ヶ原などセットにした一周約4時間の周回コースがおすすめ。登山適期は5月上旬～11月中旬。日本有数の降雨量のあるエリアだけに、雨への対策は万全に。,3.9,"三重,奈良,近畿,関西"
大峰山(八経ヶ岳),1915,中級,"2004年に世界遺産に登録された大峰奧駈道、その中核をなすのが八経ヶ岳（別名八剣山、仏経ヶ岳）だ。奈良県天川村と上北山村の境にあり、標高1,915mは関西の最高峰である。大峰山は日本百名山に選定されているが、この山が登山対象と言ってよいだろう。山頂部にはシラビソやトウヒの原生林やオオヤマレンゲの群落（ともに国の天然記念物）があり、後者は7月上旬～中旬にかけて香りのよい花をつける。最も登りやすいのは、国道309号の行者還トンネル西口から奧駈道に上がり、「大峰中興の祖」理源大師聖宝坐像がある聖宝ノ宿跡を経て山頂に立つコース（山頂まで約3時間）。山頂北面・弥山直下に弥山小屋（4月下旬～11月中旬営業）がある。",9.4,"奈良,近畿,関西"
大山,1729,初級,"鳥取県大山町に位置する大山は、その秀麗な姿から「伯耆富士」とも呼ばれる中国地方の最高峰。『出雲風土記』に火神岳（ほのがみのたけ）の名で登場する。最高点の剣ヶ峰（標高1,729m）は崩壊により立入禁止で、西側の弥山（標高1,709m）が実質的な山頂。弥山山頂からは、弓ヶ浜が弧を描く日本海や、南東の烏ヶ山や北東の甲ヶ山など周辺の山々が見渡せる。山頂へは大山寺バス停を起点とする2コース（夏山登山道、行者コース）があり、5合目上部で合流する。いずれのコースもよく整備され、登り下りで使い分けるとよいだろう。登山道には西日本最大級のブナ林や特別天然記念物のダイセンキャラボク群生地など見どころも豊富で、花も多い。",8.3,"鳥取,中国"
剣山,1955,初級,"剣山は、徳島県美馬市、三好市、那賀郡那賀町の境にある標高1,955mの山。徳島県の最高峰であり、西日本でも同じ四国（愛媛県）の石鎚山に次ぐ第二の高峰だ。山名の印象とは異なる女性的な山容で、山頂部は木道が敷かれた「平家の馬場」と呼ばれる広い笹原になっている。山頂からは徳島県第二の高峰・次郎笈（じろうぎゅう）、遠く石鎚山を望むこともできる。登山コースは複数あり、代表的な登山口は劔神社が建つ北面の見ノ越。ここを起点に登山リフトを利用すれば、1時間ほどで山頂に立てる。危険箇所も少なく、子ども連れでも無理なく登ることができる。7～8月にかけて、宮尾登美子の小説『天涯の花』で紹介されたキレンゲショウマの黄色い花が見られる。",4.7,"徳島,四国"
石鎚山,1982,中級,"愛媛県西条市と上浮穴郡久万高原町にまたがる石鎚山（標高1,982m）は、四国および西日本の最高峰。長大な鎖場が有名で、紅葉の時期には色付くもみじを鑑賞に多くの登山客が集まる。ロープウェイでアクセスできる石鎚登山の遥拝所・成就社を起点として、岩場につけられた４つの鎖を頼って登るのが石鎚登山の醍醐味だが、鎖場には迂回路が設けられているので、一般にはそれを利用するのがよい。役小角の開山とされ、山岳信仰の山として栄えてきた。石鎚スカイラインからの姿はピラミッド型、西の面河（おもご）方面からは岩峰がそそり立ち、東の瓶ヶ森付近からは重厚な姿を見せる。天狗岳、弥山、南尖峰など複数のピークをもち、最高峰は岩峰状の天狗岳。弥山には石鎚山頂神社がある。山頂からは四国山地や瀬戸内海を見渡すことができる。",8.5,"愛媛,四国"
九重山,1791,初級,大分県南西部に位置する、くじゅう連山の主峰（最高峰は中岳・1791ｍ）。この山の名称については、久住山と九重山との２つの表記が混同して使われていたが、県では主峰そのものは「久住山」、山域の場合は「くじゅう連山」の表記を公式としている。阿蘇くじゅう国立公園に含まれる九州随一の人気の山で、ミヤマキリシマの咲く５月中旬～６月中旬頃（年により変動あり）の休日は、牧ノ戸峠からのメインコースに登山者が殺到する。久住山そのものは日帰りで歩ける山だが、九州最高所の温泉、法華院温泉山荘や坊がつるのキャンプ場で一泊すれば、大船山や三俣山にも足を延ばすことができる。くじゅう連山は活火山でもあるので、出かける際は情報収集を怠らないように。,4.9,"大分,九州"
祖母山,1756,中級,"日本百名山の一峰で、大分県竹田市と豊後大野市、宮崎県高千穂町の境に位置する。山頂には山名の由来となった神武天皇の祖母・豊玉姫の祠が祀られている。遮るもののない大展望が広がる山頂への登山口はいくつもあるが、大分県側の尾平と神原、宮崎県側の北谷がメイン。険しいコースが多い中、北谷から三県境を経由するコースは唯一登りやすい。日帰りでも楽しめる山だが、9合目には避難小屋があるので、小屋泊やテント泊でゆっくりとこの山の時間を楽しむのもよいだろう。体力や日程に余裕があれば、九州の岳人憧れの祖母・傾縦走路にチャレンジしたい。全長約40km・累積標高差約3,500mのハードな道のりだが、山域の奥深さと雄大さに最も触れられる。",7.3,"大分,宮崎,九州"
阿蘇山,1592,中級,熊本県北東部に位置する二重式火山で、阿蘇五岳と呼ばれる高岳（最高峰）・中岳・根子岳・烏帽子岳・杵島岳、さらにそれらを取り囲む周囲約128kmの外輪山を含めた総称。阿蘇山によってつくられた阿蘇カルデラは北海道の屈斜路湖カルデラに次いで日本で2番目に大きく、世界でも最大級だ。火山活動は現在でも活発。休止中だった阿蘇山ロープウェーだが、2019年（令和元）末に再建を断念した。中岳火口へのアクセスは今後、阿蘇山ループシャトル（バス）を継続運行する予定。ただし、運行は、噴火警戒レベルが１の場合のみとなる。,5.7,"熊本,九州"
霧島山(韓国岳),1700,初級,"韓国岳（標高1,700m）は、宮崎県えびの市と小林市、鹿児島県霧島市の境にある霧島連山の最高峰。遠く韓の国まで見渡せるということから山名がつけられたともいわれるほど、展望がよい。山頂からは眼下にえびの高原が広がり、火口湖の大浪池、同じ霧島連山の獅子戸岳、新燃岳、中岳、高千穂峰を一望。山麓のえびの高原には、キリシマミズキ、ノカイドウ、ミヤマキリシマなどが生育し、特に4月下旬に咲くノカイドウはえびの高原にだけ生育する国の天然記念物。主な登山道はえびの高原起点の2コースと、大浪池登山口から（約1時間半～2時間半）。火山活動が盛んなため、登山の際は宮崎県のホームページなどをチェックしておこう。",4.7,"宮崎,鹿児島,九州"